{"cameraMode":{"drawMode":0,"name":"Shaded","section":"Shading Mode"},"sceneLighting":false,"audioPlay":false,"sceneViewState":{"m_AlwaysRefresh":false,"showFog":true,"showSkybox":true,"showFlares":true,"showImageEffects":true,"showParticleSystems":true,"showVisualEffectGraphs":true,"m_FxEnabled":false},"in2DMode":false,"pivot":{"x":0.020375370979309083,"y":2.025444984436035,"z":2.7053775787353517},"rotation":{"x":-0.12443920224905014,"y":0.8073849081993103,"z":-0.18377935886383058,"w":-0.5466899871826172},"size":1.1795086860656739,"orthographic":false}